Datetime,Open,High,Low,Close,Volume,Dividends,Stock Splits
2025-04-01 09:30:00-04:00,263.7349853515625,263.8399963378906,261.6300048828125,262.8629150390625,6855524,0.0,0.0
2025-04-01 09:31:00-04:00,262.95001220703125,266.8800048828125,262.8301086425781,266.2200012207031,1256662,0.0,0.0
2025-04-01 09:32:00-04:00,266.2200012207031,268.1199951171875,265.69000244140625,267.20159912109375,1192964,0.0,0.0
2025-04-01 09:33:00-04:00,267.20001220703125,267.84991455078125,264.3900146484375,265.0,868417,0.0,0.0
2025-04-01 09:34:00-04:00,265.0232849121094,265.4100036621094,263.3599853515625,263.9200134277344,752799,0.0,0.0
2025-04-01 09:35:00-04:00,264.0474853515625,264.0474853515625,260.3699951171875,260.5799865722656,1114611,0.0,0.0
2025-04-01 09:36:00-04:00,260.5299987792969,262.06988525390625,260.5299987792969,261.80999755859375,936034,0.0,0.0
2025-04-01 09:37:00-04:00,259.6617126464844,261.8699951171875,259.25,259.6617126464844,1008173,0.0,0.0
2025-04-01 09:38:00-04:00,259.7200012207031,261.6000061035156,259.6600036621094,260.6780090332031,667201,0.0,0.0
2025-04-01 09:39:00-04:00,260.8299865722656,262.73968505859375,260.6018981933594,262.3800048828125,667693,0.0,0.0
2025-04-01 09:40:00-04:00,262.3800048828125,263.5899963378906,261.70001220703125,263.114990234375,637449,0.0,0.0
2025-04-01 09:41:00-04:00,263.04998779296875,264.79998779296875,263.01580810546875,264.614990234375,809324,0.0,0.0
2025-04-01 09:42:00-04:00,264.739990234375,264.7900085449219,263.1488037109375,263.4299011230469,657768,0.0,0.0
2025-04-01 09:43:00-04:00,263.3533935546875,263.760009765625,262.2699890136719,263.3981018066406,488537,0.0,0.0
2025-04-01 09:44:00-04:00,263.38958740234375,265.739990234375,263.38958740234375,264.7550048828125,729108,0.0,0.0
2025-04-01 09:45:00-04:00,264.7550048828125,265.510009765625,264.1600036621094,264.81500244140625,516732,0.0,0.0
2025-04-01 09:46:00-04:00,264.8591003417969,265.139892578125,264.04010009765625,264.05999755859375,385735,0.0,0.0
2025-04-01 09:47:00-04:00,264.04998779296875,265.19000244140625,264.0299987792969,264.79998779296875,401109,0.0,0.0
2025-04-01 09:48:00-04:00,264.8900146484375,266.4700012207031,264.69000244140625,266.0799865722656,729054,0.0,0.0
2025-04-01 09:49:00-04:00,266.1437072753906,266.2699890136719,265.20001220703125,265.2300109863281,405430,0.0,0.0
2025-04-01 09:50:00-04:00,265.2309875488281,265.81988525390625,264.3299865722656,265.0494079589844,428010,0.0,0.0
2025-04-01 09:51:00-04:00,264.9800109863281,265.45361328125,264.4100036621094,264.7182922363281,298587,0.0,0.0
2025-04-01 09:52:00-04:00,264.8299865722656,265.25,263.69000244140625,263.7550048828125,421712,0.0,0.0
2025-04-01 09:53:00-04:00,263.7229919433594,263.92999267578125,262.79998779296875,263.7200012207031,459845,0.0,0.0
2025-04-01 09:54:00-04:00,263.67999267578125,264.3587951660156,263.07000732421875,263.2699890136719,390138,0.0,0.0
2025-04-01 09:55:00-04:00,263.2900085449219,263.8699035644531,262.3219909667969,262.76239013671875,458464,0.0,0.0
2025-04-01 09:56:00-04:00,262.7690124511719,263.4198913574219,262.16009521484375,262.885009765625,376471,0.0,0.0
2025-04-01 09:57:00-04:00,263.5799865722656,263.64990234375,262.5150146484375,263.5799865722656,381723,0.0,0.0
2025-04-01 09:58:00-04:00,263.6400146484375,264.46990966796875,263.1199951171875,264.17999267578125,369907,0.0,0.0
2025-04-01 09:59:00-04:00,263.79058837890625,264.8999938964844,263.7799987792969,263.82000732421875,412016,0.0,0.0
2025-04-01 10:00:00-04:00,263.739990234375,264.7698974609375,263.0,263.6549987792969,453770,0.0,0.0
2025-04-01 10:01:00-04:00,263.57000732421875,263.8999938964844,261.66009521484375,261.69500732421875,534699,0.0,0.0
2025-04-01 10:02:00-04:00,261.70001220703125,262.9200134277344,261.1099853515625,262.3900146484375,584683,0.0,0.0
2025-04-01 10:03:00-04:00,262.3399963378906,264.0972900390625,261.8699951171875,263.4035949707031,474373,0.0,0.0
2025-04-01 10:04:00-04:00,263.3599853515625,263.5494079589844,261.8800048828125,262.04998779296875,383428,0.0,0.0
2025-04-01 10:05:00-04:00,262.635009765625,263.1499938964844,261.75,262.739990234375,306554,0.0,0.0
2025-04-01 10:06:00-04:00,262.79998779296875,262.95050048828125,262.07000732421875,262.2699890136719,215191,0.0,0.0
2025-04-01 10:07:00-04:00,262.1199951171875,262.6799011230469,261.5199890136719,262.3450012207031,434219,0.0,0.0
2025-04-01 10:08:00-04:00,262.2940979003906,262.99169921875,261.95001220703125,262.2940979003906,302422,0.0,0.0
2025-04-01 10:09:00-04:00,262.2699890136719,263.45001220703125,262.1000061035156,263.2200012207031,388053,0.0,0.0
2025-04-01 10:10:00-04:00,263.2900085449219,263.71990966796875,262.3800048828125,262.7699890136719,375145,0.0,0.0
2025-04-01 10:11:00-04:00,262.7074890136719,262.79998779296875,261.5010070800781,261.9811096191406,423765,0.0,0.0
2025-04-01 10:12:00-04:00,261.9750061035156,262.3699951171875,261.6401062011719,262.07958984375,283545,0.0,0.0
2025-04-01 10:13:00-04:00,262.1300048828125,262.2799987792969,261.3800048828125,261.5299987792969,343148,0.0,0.0
2025-04-01 10:14:00-04:00,261.42999267578125,262.0783996582031,261.2300109863281,261.7250061035156,300165,0.0,0.0
2025-04-01 10:15:00-04:00,261.79998779296875,263.17999267578125,261.55010986328125,261.55010986328125,471304,0.0,0.0
2025-04-01 10:16:00-04:00,261.614990234375,262.8299865722656,261.54998779296875,262.57501220703125,251081,0.0,0.0
2025-04-01 10:17:00-04:00,262.57501220703125,263.0299072265625,262.2799987792969,262.5,214321,0.0,0.0
2025-04-01 10:18:00-04:00,262.5599060058594,263.5799865722656,262.4100036621094,262.739990234375,381746,0.0,0.0
2025-04-01 10:19:00-04:00,262.7200012207031,263.0425109863281,262.3299865722656,262.55499267578125,228380,0.0,0.0
2025-04-01 10:20:00-04:00,262.5,263.2900085449219,262.2101135253906,262.3599853515625,272672,0.0,0.0
2025-04-01 10:21:00-04:00,262.30999755859375,263.08050537109375,261.7200927734375,263.08050537109375,368714,0.0,0.0
2025-04-01 10:22:00-04:00,263.08880615234375,264.6600036621094,262.9700012207031,264.2179870605469,658574,0.0,0.0
2025-04-01 10:23:00-04:00,264.19500732421875,264.54998779296875,263.8299865722656,263.9599914550781,370087,0.0,0.0
2025-04-01 10:24:00-04:00,263.9599914550781,265.55999755859375,263.9006042480469,265.3800048828125,725685,0.0,0.0
2025-04-01 10:25:00-04:00,265.43389892578125,265.9599914550781,265.05999755859375,265.77349853515625,467368,0.0,0.0
2025-04-01 10:26:00-04:00,265.7008056640625,265.7593994140625,264.9599914550781,265.3399963378906,387327,0.0,0.0
2025-04-01 10:27:00-04:00,265.3999938964844,265.6000061035156,264.6310119628906,264.9399108886719,351664,0.0,0.0
2025-04-01 10:28:00-04:00,264.885009765625,266.4800109863281,264.6099853515625,266.42999267578125,540663,0.0,0.0
2025-04-01 10:29:00-04:00,265.989990234375,266.510009765625,265.80999755859375,265.989990234375,394216,0.0,0.0
2025-04-01 10:30:00-04:00,265.8900146484375,267.19000244140625,265.70001220703125,266.8629150390625,637305,0.0,0.0
2025-04-01 10:31:00-04:00,266.8299865722656,267.09759521484375,266.29998779296875,266.37908935546875,445596,0.0,0.0
2025-04-01 10:32:00-04:00,266.4150085449219,267.1400146484375,266.37908935546875,266.864990234375,397138,0.0,0.0
2025-04-01 10:33:00-04:00,266.8699951171875,267.3999938964844,266.5267028808594,266.55999755859375,461922,0.0,0.0
2025-04-01 10:34:00-04:00,266.5899963378906,266.92889404296875,266.25,266.7309875488281,324814,0.0,0.0
2025-04-01 10:35:00-04:00,266.7898864746094,267.139892578125,266.5199890136719,266.79998779296875,277424,0.0,0.0
2025-04-01 10:36:00-04:00,266.80999755859375,268.54998779296875,266.7099914550781,268.1499938964844,705372,0.0,0.0
2025-04-01 10:37:00-04:00,268.17449951171875,268.6300048828125,268.0400085449219,268.489990234375,404913,0.0,0.0
2025-04-01 10:38:00-04:00,268.4949951171875,269.69940185546875,268.230712890625,269.4200134277344,723915,0.0,0.0
2025-04-01 10:39:00-04:00,269.44000244140625,270.20001220703125,269.25,269.3550109863281,813451,0.0,0.0
2025-04-01 10:40:00-04:00,269.2699890136719,269.29998779296875,268.3500061035156,268.6400146484375,556154,0.0,0.0
2025-04-01 10:41:00-04:00,268.625,269.24798583984375,268.53118896484375,269.17999267578125,353872,0.0,0.0
2025-04-01 10:42:00-04:00,269.17340087890625,270.3299865722656,268.9800109863281,270.29998779296875,545888,0.0,0.0
2025-04-01 10:43:00-04:00,270.2929992675781,270.5400085449219,269.8999938964844,270.2662048339844,480105,0.0,0.0
2025-04-01 10:44:00-04:00,270.25,270.32501220703125,269.6199951171875,269.8900146484375,359762,0.0,0.0
2025-04-01 10:45:00-04:00,269.8924865722656,270.46990966796875,269.75,270.3900146484375,385678,0.0,0.0
2025-04-01 10:46:00-04:00,270.3900146484375,271.1000061035156,270.1600036621094,270.75,594281,0.0,0.0
2025-04-01 10:47:00-04:00,270.75,271.1798095703125,270.5,271.0205993652344,511774,0.0,0.0
2025-04-01 10:48:00-04:00,271.027099609375,271.1499938964844,269.7099914550781,270.2699890136719,523196,0.0,0.0
2025-04-01 10:49:00-04:00,270.2008056640625,270.8999938964844,270.2008056640625,270.32501220703125,377972,0.0,0.0
2025-04-01 10:50:00-04:00,270.29998779296875,270.70001220703125,270.0,270.5450134277344,394972,0.0,0.0
2025-04-01 10:51:00-04:00,270.54449462890625,271.44000244140625,270.5400085449219,271.3349914550781,483462,0.0,0.0
2025-04-01 10:52:00-04:00,271.29071044921875,271.94000244140625,270.9591979980469,271.6167907714844,571414,0.0,0.0
2025-04-01 10:53:00-04:00,271.6400146484375,272.19000244140625,271.32000732421875,271.9599914550781,563250,0.0,0.0
2025-04-01 10:54:00-04:00,272.0400085449219,272.44000244140625,271.75030517578125,272.3500061035156,507872,0.0,0.0
2025-04-01 10:55:00-04:00,272.3900146484375,272.45001220703125,271.17010498046875,271.2200012207031,498954,0.0,0.0
2025-04-01 10:56:00-04:00,271.2099914550781,271.64910888671875,270.2699890136719,270.3999938964844,599155,0.0,0.0
2025-04-01 10:57:00-04:00,270.3999938964844,271.75,270.2699890136719,271.6499938964844,469264,0.0,0.0
2025-04-01 10:58:00-04:00,271.6499938964844,272.24920654296875,271.44000244140625,272.1600036621094,443841,0.0,0.0
2025-04-01 10:59:00-04:00,272.6499938964844,272.8399963378906,272.0199890136719,272.6499938964844,549504,0.0,0.0
2025-04-01 11:00:00-04:00,272.635009765625,272.66900634765625,271.82000732421875,272.1199951171875,436253,0.0,0.0
2025-04-01 11:01:00-04:00,272.0799865722656,272.54998779296875,271.77960205078125,272.0690002441406,304615,0.0,0.0
2025-04-01 11:02:00-04:00,271.989990234375,272.1099853515625,271.0299987792969,271.32000732421875,370887,0.0,0.0
2025-04-01 11:03:00-04:00,271.25,272.6499938964844,271.1099853515625,272.4599914550781,404755,0.0,0.0
2025-04-01 11:04:00-04:00,272.1449890136719,272.6199951171875,271.760009765625,272.1449890136719,344014,0.0,0.0
2025-04-01 11:05:00-04:00,272.0899963378906,272.2200012207031,271.29998779296875,271.4800109863281,295871,0.0,0.0
2025-04-01 11:06:00-04:00,271.5,272.3900146484375,271.3299865722656,272.110107421875,301879,0.0,0.0
2025-04-01 11:07:00-04:00,272.10101318359375,272.3900146484375,271.79010009765625,272.010009765625,231416,0.0,0.0
2025-04-01 11:08:00-04:00,271.9601135253906,272.5799865722656,271.860107421875,272.5350036621094,273258,0.0,0.0
2025-04-01 11:09:00-04:00,272.5350036621094,272.56298828125,272.0199890136719,272.20001220703125,238077,0.0,0.0
2025-04-01 11:10:00-04:00,272.2149963378906,272.3999938964844,271.6700134277344,272.2149963378906,288619,0.0,0.0
2025-04-01 11:11:00-04:00,272.17999267578125,272.69989013671875,271.94378662109375,272.25,323196,0.0,0.0
2025-04-01 11:12:00-04:00,272.2749938964844,272.8999938964844,272.2550048828125,272.6099853515625,363395,0.0,0.0
2025-04-01 11:13:00-04:00,272.5899963378906,273.5293884277344,272.5400085449219,273.5,589414,0.0,0.0
2025-04-01 11:14:00-04:00,273.4599914550781,274.1199951171875,273.3999938964844,273.760009765625,685946,0.0,0.0
2025-04-01 11:15:00-04:00,273.69000244140625,274.08819580078125,273.1199951171875,273.69000244140625,481801,0.0,0.0
2025-04-01 11:16:00-04:00,273.7699890136719,274.6400146484375,273.72711181640625,274.33221435546875,479205,0.0,0.0
2025-04-01 11:17:00-04:00,274.3399963378906,274.4200134277344,273.94000244140625,274.22979736328125,326014,0.0,0.0
2025-04-01 11:18:00-04:00,274.2300109863281,274.6099853515625,274.11700439453125,274.1965026855469,337366,0.0,0.0
2025-04-01 11:19:00-04:00,274.260009765625,274.260009765625,273.3128967285156,273.3699951171875,389879,0.0,0.0
2025-04-01 11:20:00-04:00,273.32000732421875,273.6700134277344,272.6600036621094,273.42999267578125,642926,0.0,0.0
2025-04-01 11:21:00-04:00,273.4200134277344,274.1700134277344,273.1510009765625,273.6000061035156,410464,0.0,0.0
2025-04-01 11:22:00-04:00,273.58758544921875,274.45001220703125,273.5450134277344,274.2149963378906,317628,0.0,0.0
2025-04-01 11:23:00-04:00,274.2200012207031,274.7699890136719,273.92999267578125,274.4700012207031,456182,0.0,0.0
2025-04-01 11:24:00-04:00,274.510009765625,274.6400146484375,274.07000732421875,274.5299987792969,245370,0.0,0.0
2025-04-01 11:25:00-04:00,274.5299987792969,274.8299865722656,274.04998779296875,274.1600036621094,308877,0.0,0.0
2025-04-01 11:26:00-04:00,274.1549987792969,274.489990234375,273.8999938964844,274.1300048828125,353411,0.0,0.0
2025-04-01 11:27:00-04:00,274.1300048828125,274.57000732421875,274.0382080078125,274.26080322265625,210763,0.0,0.0
2025-04-01 11:28:00-04:00,274.2300109863281,274.6499938964844,274.03009033203125,274.44549560546875,262257,0.0,0.0
2025-04-01 11:29:00-04:00,274.4425048828125,274.6195068359375,274.0,274.1700134277344,277278,0.0,0.0
2025-04-01 11:30:00-04:00,274.19000244140625,274.34991455078125,273.82000732421875,273.9100036621094,338616,0.0,0.0
2025-04-01 11:31:00-04:00,273.9471130371094,274.1099853515625,273.4200134277344,273.972412109375,455841,0.0,0.0
2025-04-01 11:32:00-04:00,274.0,274.29998779296875,273.760009765625,274.0199890136719,320895,0.0,0.0
2025-04-01 11:33:00-04:00,274.0003967285156,274.2799987792969,273.56060791015625,274.04998779296875,261874,0.0,0.0
2025-04-01 11:34:00-04:00,274.010009765625,274.3789978027344,273.6582946777344,274.3575134277344,289058,0.0,0.0
2025-04-01 11:35:00-04:00,274.3299865722656,274.8299865722656,273.3999938964844,273.6650085449219,506734,0.0,0.0
2025-04-01 11:36:00-04:00,273.6012878417969,273.8800048828125,273.0899963378906,273.8399963378906,374839,0.0,0.0
2025-04-01 11:37:00-04:00,273.79998779296875,273.8599853515625,273.3800048828125,273.4700012207031,217217,0.0,0.0
2025-04-01 11:38:00-04:00,273.4100036621094,274.0400085449219,273.3699951171875,273.6460876464844,289250,0.0,0.0
2025-04-01 11:39:00-04:00,273.6499938964844,273.8411865234375,272.6600036621094,272.9884948730469,433820,0.0,0.0
2025-04-01 11:40:00-04:00,272.94000244140625,273.6000061035156,272.5299987792969,273.4800109863281,329084,0.0,0.0
2025-04-01 11:41:00-04:00,273.32000732421875,273.4200134277344,272.8240051269531,273.2650146484375,222777,0.0,0.0
2025-04-01 11:42:00-04:00,273.20001220703125,273.20001220703125,272.7005920410156,273.04998779296875,210699,0.0,0.0
2025-04-01 11:43:00-04:00,272.9773864746094,273.409912109375,272.8399963378906,273.3500061035156,222600,0.0,0.0
2025-04-01 11:44:00-04:00,273.3500061035156,274.1099853515625,273.28369140625,274.05999755859375,386511,0.0,0.0
2025-04-01 11:45:00-04:00,274.0400085449219,274.2200012207031,273.6700134277344,274.1980895996094,278262,0.0,0.0
2025-04-01 11:46:00-04:00,274.3327941894531,274.6300048828125,274.1488952636719,274.3327941894531,278666,0.0,0.0
2025-04-01 11:47:00-04:00,274.3299865722656,274.34991455078125,273.82000732421875,273.8804016113281,230350,0.0,0.0
2025-04-01 11:48:00-04:00,273.8800048828125,274.6099853515625,273.760009765625,274.589599609375,291351,0.0,0.0
2025-04-01 11:49:00-04:00,274.5950012207031,274.6199951171875,274.2799987792969,274.556396484375,216837,0.0,0.0
2025-04-01 11:50:00-04:00,274.57000732421875,276.2900085449219,274.43890380859375,276.2408142089844,1091209,0.0,0.0
2025-04-01 11:51:00-04:00,276.239990234375,276.318603515625,275.2727966308594,275.3550109863281,559748,0.0,0.0
2025-04-01 11:52:00-04:00,275.30169677734375,275.7099914550781,275.0,275.29998779296875,335838,0.0,0.0
2025-04-01 11:53:00-04:00,275.3399963378906,276.1000061035156,275.30999755859375,275.75,349790,0.0,0.0
2025-04-01 11:54:00-04:00,275.4007873535156,275.8900146484375,275.2200012207031,275.4007873535156,241619,0.0,0.0
2025-04-01 11:55:00-04:00,275.4114990234375,275.69000244140625,275.0553894042969,275.5299987792969,251986,0.0,0.0
2025-04-01 11:56:00-04:00,275.489990234375,275.6000061035156,275.1099853515625,275.4949035644531,172339,0.0,0.0
2025-04-01 11:57:00-04:00,275.4700012207031,275.5899963378906,274.90008544921875,275.01568603515625,237084,0.0,0.0
2025-04-01 11:58:00-04:00,274.98529052734375,275.510009765625,274.8599853515625,275.2799987792969,256581,0.0,0.0
2025-04-01 11:59:00-04:00,275.2699890136719,275.30999755859375,275.0199890136719,275.30999755859375,165267,0.0,0.0
2025-04-01 12:00:00-04:00,275.3699951171875,275.4100036621094,274.6809997558594,274.8808898925781,300484,0.0,0.0
2025-04-01 12:01:00-04:00,274.9549865722656,275.7489929199219,274.8800048828125,275.7489929199219,253218,0.0,0.0
2025-04-01 12:02:00-04:00,275.7101135253906,275.8800048828125,275.2900085449219,275.32000732421875,225160,0.0,0.0
2025-04-01 12:03:00-04:00,275.2818908691406,275.39959716796875,274.6700134277344,275.0723876953125,302859,0.0,0.0
2025-04-01 12:04:00-04:00,275.0799865722656,275.5899963378906,275.0,275.3999938964844,255608,0.0,0.0
2025-04-01 12:05:00-04:00,275.3299865722656,275.739990234375,275.2099914550781,275.5165100097656,244647,0.0,0.0
2025-04-01 12:06:00-04:00,275.55999755859375,275.79998779296875,275.29998779296875,275.70001220703125,231717,0.0,0.0
2025-04-01 12:07:00-04:00,275.67498779296875,276.5483093261719,275.67498779296875,276.31170654296875,466507,0.0,0.0
2025-04-01 12:08:00-04:00,276.2799987792969,276.92999267578125,276.1099853515625,276.57000732421875,447580,0.0,0.0
2025-04-01 12:09:00-04:00,276.5299987792969,277.2200012207031,276.5299987792969,277.20001220703125,416802,0.0,0.0
2025-04-01 12:10:00-04:00,277.19000244140625,277.45001220703125,276.7699890136719,277.0,482832,0.0,0.0
2025-04-01 12:11:00-04:00,276.9800109863281,277.1383056640625,276.6099853515625,276.6802978515625,260428,0.0,0.0
2025-04-01 12:12:00-04:00,276.7049865722656,277.0400085449219,276.4800109863281,276.989990234375,270977,0.0,0.0
2025-04-01 12:13:00-04:00,276.9447021484375,277.0799865722656,276.45001220703125,276.59991455078125,234429,0.0,0.0
2025-04-01 12:14:00-04:00,276.54998779296875,276.6665954589844,276.32000732421875,276.3330993652344,210046,0.0,0.0
2025-04-01 12:15:00-04:00,276.3699951171875,276.6300048828125,276.1600036621094,276.5350036621094,244684,0.0,0.0
2025-04-01 12:16:00-04:00,276.5400085449219,277.0,276.3399963378906,276.82000732421875,325287,0.0,0.0
2025-04-01 12:17:00-04:00,276.7759094238281,277.20001220703125,276.6700134277344,276.9639892578125,271338,0.0,0.0
2025-04-01 12:18:00-04:00,277.0299987792969,277.1099853515625,276.5603942871094,277.0433044433594,214501,0.0,0.0
2025-04-01 12:19:00-04:00,277.1099853515625,277.1400146484375,276.5199890136719,276.7799987792969,181112,0.0,0.0
2025-04-01 12:20:00-04:00,276.8299865722656,277.3299865722656,276.7099914550781,276.92999267578125,265391,0.0,0.0
2025-04-01 12:21:00-04:00,276.9700012207031,277.25,276.30999755859375,276.3955078125,246789,0.0,0.0
2025-04-01 12:22:00-04:00,276.3900146484375,276.5987854003906,275.5,275.885009765625,520345,0.0,0.0
2025-04-01 12:23:00-04:00,275.8500061035156,275.8890075683594,275.1099853515625,275.4599914550781,314226,0.0,0.0
2025-04-01 12:24:00-04:00,275.4700012207031,275.9800109863281,275.4700012207031,275.8500061035156,229887,0.0,0.0
2025-04-01 12:25:00-04:00,275.80999755859375,275.8699951171875,274.7701110839844,274.82550048828125,325405,0.0,0.0
2025-04-01 12:26:00-04:00,274.7699890136719,274.77520751953125,273.9100036621094,274.30499267578125,513781,0.0,0.0
2025-04-01 12:27:00-04:00,274.2550048828125,274.639892578125,274.0,274.010009765625,257422,0.0,0.0
2025-04-01 12:28:00-04:00,274.0325012207031,274.1388854980469,273.260009765625,273.28900146484375,506232,0.0,0.0
2025-04-01 12:29:00-04:00,273.260009765625,273.92999267578125,273.1700134277344,273.7301025390625,340010,0.0,0.0
2025-04-01 12:30:00-04:00,273.80999755859375,274.1000061035156,273.04998779296875,273.05999755859375,328689,0.0,0.0
2025-04-01 12:31:00-04:00,273.1000061035156,273.96990966796875,273.0299987792969,273.739990234375,322958,0.0,0.0
2025-04-01 12:32:00-04:00,273.739990234375,274.45001220703125,273.739990234375,274.19989013671875,328653,0.0,0.0
2025-04-01 12:33:00-04:00,274.1499938964844,274.6000061035156,273.6099853515625,273.72589111328125,334611,0.0,0.0
2025-04-01 12:34:00-04:00,273.7300109863281,273.8399963378906,273.19000244140625,273.5,260533,0.0,0.0
2025-04-01 12:35:00-04:00,273.5199890136719,273.7300109863281,273.20001220703125,273.6199951171875,252623,0.0,0.0
2025-04-01 12:36:00-04:00,273.6600036621094,273.9599914550781,272.6000061035156,272.8450012207031,435934,0.0,0.0
2025-04-01 12:37:00-04:00,272.822509765625,273.0299987792969,271.8500061035156,272.0643005371094,546660,0.0,0.0
2025-04-01 12:38:00-04:00,272.00390625,272.5199890136719,271.760009765625,272.05999755859375,392079,0.0,0.0
2025-04-01 12:39:00-04:00,272.05999755859375,272.2099914550781,271.4200134277344,271.8900146484375,355479,0.0,0.0
2025-04-01 12:40:00-04:00,271.8399963378906,272.6199951171875,271.8399963378906,272.4403076171875,307224,0.0,0.0
2025-04-01 12:41:00-04:00,272.46551513671875,272.8536071777344,272.1099853515625,272.7900085449219,255978,0.0,0.0
2025-04-01 12:42:00-04:00,272.80999755859375,272.92999267578125,271.8599853515625,271.90069580078125,282841,0.0,0.0
2025-04-01 12:43:00-04:00,271.9049987792969,272.0,271.0,271.32000732421875,519748,0.0,0.0
2025-04-01 12:44:00-04:00,271.2847900390625,271.8699951171875,271.20001220703125,271.2604064941406,265491,0.0,0.0
2025-04-01 12:45:00-04:00,271.2604064941406,271.67999267578125,271.0,271.510009765625,240050,0.0,0.0
2025-04-01 12:46:00-04:00,271.54998779296875,272.2900085449219,271.5,271.91619873046875,326341,0.0,0.0
2025-04-01 12:47:00-04:00,271.9649963378906,272.57000732421875,271.7200927734375,272.2349853515625,229494,0.0,0.0
2025-04-01 12:48:00-04:00,272.2055969238281,272.8800048828125,272.20001220703125,272.6650085449219,284450,0.0,0.0
2025-04-01 12:49:00-04:00,272.6650085449219,273.3399963378906,272.6199951171875,273.2005920410156,362696,0.0,0.0
2025-04-01 12:50:00-04:00,273.260009765625,274.3500061035156,273.1000061035156,274.0754089355469,477704,0.0,0.0
2025-04-01 12:51:00-04:00,274.07000732421875,274.4599914550781,273.79998779296875,274.3900146484375,338361,0.0,0.0
2025-04-01 12:52:00-04:00,274.3299865722656,274.82000732421875,274.1199951171875,274.7528076171875,360533,0.0,0.0
2025-04-01 12:53:00-04:00,274.7749938964844,275.5,274.4700012207031,275.32501220703125,569328,0.0,0.0
2025-04-01 12:54:00-04:00,275.2838134765625,275.3492126464844,274.7699890136719,274.80499267578125,293909,0.0,0.0
2025-04-01 12:55:00-04:00,274.80499267578125,275.1300048828125,274.54998779296875,274.6592102050781,277447,0.0,0.0
2025-04-01 12:56:00-04:00,274.6700134277344,275.0,274.44781494140625,274.5235900878906,242163,0.0,0.0
2025-04-01 12:57:00-04:00,274.5542907714844,275.0,274.4100036621094,274.8399963378906,247668,0.0,0.0
2025-04-01 12:58:00-04:00,274.80999755859375,275.44989013671875,274.72320556640625,275.3699951171875,281740,0.0,0.0
2025-04-01 12:59:00-04:00,275.385009765625,275.3999938964844,274.5,274.51800537109375,219329,0.0,0.0
2025-04-01 13:00:00-04:00,274.55499267578125,275.1700134277344,274.1099853515625,275.1700134277344,324952,0.0,0.0
2025-04-01 13:01:00-04:00,275.125,275.1700134277344,274.4601135253906,274.8700866699219,195983,0.0,0.0
2025-04-01 13:02:00-04:00,274.9049987792969,275.1300048828125,274.6156921386719,274.739990234375,141877,0.0,0.0
2025-04-01 13:03:00-04:00,274.7694091796875,275.0436096191406,274.3900146484375,274.7074890136719,159866,0.0,0.0
2025-04-01 13:04:00-04:00,274.7349853515625,274.8949890136719,274.5,274.7900085449219,121217,0.0,0.0
2025-04-01 13:05:00-04:00,274.7900085449219,274.8598937988281,274.2200012207031,274.3599853515625,187536,0.0,0.0
2025-04-01 13:06:00-04:00,274.3699951171875,274.4999084472656,273.7043151855469,273.79998779296875,322124,0.0,0.0
2025-04-01 13:07:00-04:00,273.75,274.4800109863281,273.61358642578125,274.4700012207031,327616,0.0,0.0
2025-04-01 13:08:00-04:00,274.35009765625,275.06988525390625,274.29998779296875,274.44500732421875,286062,0.0,0.0
2025-04-01 13:09:00-04:00,274.45001220703125,274.7398986816406,274.1499938964844,274.3341064453125,125140,0.0,0.0
2025-04-01 13:10:00-04:00,274.2900085449219,274.3699951171875,273.70001220703125,274.2099914550781,190261,0.0,0.0
2025-04-01 13:11:00-04:00,274.2099914550781,274.8500061035156,274.1300048828125,274.78900146484375,211291,0.0,0.0
2025-04-01 13:12:00-04:00,274.760009765625,275.0899963378906,274.45001220703125,274.45001220703125,264487,0.0,0.0
2025-04-01 13:13:00-04:00,274.4309997558594,274.79998779296875,274.2200012207031,274.7149963378906,149565,0.0,0.0
2025-04-01 13:14:00-04:00,274.7099914550781,275.1499938964844,274.6199951171875,275.0150146484375,226264,0.0,0.0
2025-04-01 13:15:00-04:00,274.9800109863281,275.00909423828125,274.65008544921875,274.760009765625,125531,0.0,0.0
2025-04-01 13:16:00-04:00,274.7200012207031,275.0,274.5400085449219,274.7699890136719,161226,0.0,0.0
2025-04-01 13:17:00-04:00,274.80999755859375,274.80999755859375,274.239990234375,274.4800109863281,172204,0.0,0.0
2025-04-01 13:18:00-04:00,274.43499755859375,274.7298889160156,274.0799865722656,274.19989013671875,167563,0.0,0.0
2025-04-01 13:19:00-04:00,274.1700134277344,274.6000061035156,274.1000061035156,274.17449951171875,145301,0.0,0.0
2025-04-01 13:20:00-04:00,274.20001220703125,274.6481018066406,273.9400939941406,274.4901123046875,239486,0.0,0.0
2025-04-01 13:21:00-04:00,274.6098937988281,274.6700134277344,273.9700012207031,274.04779052734375,178140,0.0,0.0
2025-04-01 13:22:00-04:00,274.00360107421875,274.2799072265625,273.7200012207031,274.1099853515625,165209,0.0,0.0
2025-04-01 13:23:00-04:00,274.07379150390625,274.4375915527344,273.9054870605469,274.1400146484375,144105,0.0,0.0
2025-04-01 13:24:00-04:00,274.0899963378906,274.3500061035156,274.0080871582031,274.055908203125,106610,0.0,0.0
2025-04-01 13:25:00-04:00,274.010009765625,274.8999938964844,274.010009765625,274.89959716796875,215193,0.0,0.0
2025-04-01 13:26:00-04:00,274.82000732421875,274.8599853515625,274.05999755859375,274.29998779296875,195664,0.0,0.0
2025-04-01 13:27:00-04:00,274.3299865722656,274.54998779296875,274.1700134277344,274.42498779296875,108198,0.0,0.0
2025-04-01 13:28:00-04:00,274.42999267578125,274.57000732421875,273.8576965332031,273.8949890136719,159664,0.0,0.0
2025-04-01 13:29:00-04:00,273.8599853515625,273.9700012207031,273.1099853515625,273.3384094238281,278536,0.0,0.0
2025-04-01 13:30:00-04:00,273.29998779296875,273.8900146484375,273.0299987792969,273.4849853515625,296525,0.0,0.0
2025-04-01 13:31:00-04:00,273.5,273.95001220703125,273.4200134277344,273.94989013671875,173535,0.0,0.0
2025-04-01 13:32:00-04:00,273.94281005859375,274.3299865722656,273.86090087890625,274.0611877441406,210100,0.0,0.0
2025-04-01 13:33:00-04:00,274.0080871582031,274.1199951171875,273.20001220703125,273.29901123046875,245507,0.0,0.0
2025-04-01 13:34:00-04:00,273.20001220703125,273.510009765625,272.92010498046875,273.3999938964844,240181,0.0,0.0
2025-04-01 13:35:00-04:00,273.3999938964844,273.6875915527344,273.1600036621094,273.2699890136719,137015,0.0,0.0
2025-04-01 13:36:00-04:00,273.2629089355469,273.64990234375,273.1499938964844,273.22100830078125,131527,0.0,0.0
2025-04-01 13:37:00-04:00,273.2200012207031,273.55999755859375,273.17999267578125,273.5,97709,0.0,0.0
2025-04-01 13:38:00-04:00,273.54998779296875,274.4299011230469,273.510009765625,274.2300109863281,275628,0.0,0.0
2025-04-01 13:39:00-04:00,274.2749938964844,274.5198974609375,274.0199890136719,274.24609375,193664,0.0,0.0
2025-04-01 13:40:00-04:00,274.2449951171875,274.6499938964844,274.20001220703125,274.5201110839844,212561,0.0,0.0
2025-04-01 13:41:00-04:00,274.5400085449219,275.0,274.5231018066406,274.7300109863281,273048,0.0,0.0
2025-04-01 13:42:00-04:00,274.7900085449219,275.4800109863281,274.7200012207031,275.1625061035156,363091,0.0,0.0
2025-04-01 13:43:00-04:00,275.1546936035156,275.2900085449219,274.45001220703125,274.4800109863281,263949,0.0,0.0
2025-04-01 13:44:00-04:00,274.4700012207031,274.4700012207031,273.8500061035156,274.2250061035156,314079,0.0,0.0
2025-04-01 13:45:00-04:00,274.1600036621094,274.8299865722656,274.1499938964844,274.82000732421875,181059,0.0,0.0
2025-04-01 13:46:00-04:00,274.8299865722656,275.3800048828125,274.7550048828125,275.1499938964844,316793,0.0,0.0
2025-04-01 13:47:00-04:00,275.17999267578125,275.4200134277344,274.9530944824219,275.3924865722656,185730,0.0,0.0
2025-04-01 13:48:00-04:00,275.38751220703125,275.4100036621094,275.10369873046875,275.279296875,154178,0.0,0.0
2025-04-01 13:49:00-04:00,275.1700134277344,275.4100036621094,274.8500061035156,275.3544921875,209069,0.0,0.0
2025-04-01 13:50:00-04:00,275.30999755859375,275.8800048828125,275.1401062011719,275.6853942871094,328544,0.0,0.0
2025-04-01 13:51:00-04:00,275.7300109863281,275.8500061035156,275.29998779296875,275.7550048828125,282726,0.0,0.0
2025-04-01 13:52:00-04:00,275.7557067871094,275.9100036621094,275.35009765625,275.55999755859375,237104,0.0,0.0
2025-04-01 13:53:00-04:00,275.55999755859375,275.6698913574219,275.0,275.1099853515625,225900,0.0,0.0
2025-04-01 13:54:00-04:00,275.1099853515625,275.29901123046875,274.8800964355469,274.95001220703125,175072,0.0,0.0
2025-04-01 13:55:00-04:00,274.95098876953125,275.0799865722656,274.7007141113281,274.8999938964844,182077,0.0,0.0
2025-04-01 13:56:00-04:00,274.83880615234375,275.0450134277344,274.7099914550781,274.9100036621094,178811,0.0,0.0
2025-04-01 13:57:00-04:00,274.92999267578125,275.4200134277344,274.9005126953125,275.2795104980469,200002,0.0,0.0
2025-04-01 13:58:00-04:00,275.239990234375,275.3999938964844,274.7909851074219,274.8891906738281,184019,0.0,0.0
2025-04-01 13:59:00-04:00,274.8500061035156,275.0899963378906,274.52508544921875,274.6650085449219,189762,0.0,0.0
2025-04-01 14:00:00-04:00,274.7099914550781,275.1400146484375,274.2200012207031,274.57000732421875,277348,0.0,0.0
2025-04-01 14:01:00-04:00,274.510009765625,274.6091003417969,273.8807067871094,274.05999755859375,246349,0.0,0.0
2025-04-01 14:02:00-04:00,274.0,274.0293884277344,272.94329833984375,273.45330810546875,363252,0.0,0.0
2025-04-01 14:03:00-04:00,273.4800109863281,273.6400146484375,273.0,273.30010986328125,260916,0.0,0.0
2025-04-01 14:04:00-04:00,273.32501220703125,273.4399108886719,272.6000061035156,273.1300964355469,287381,0.0,0.0
2025-04-01 14:05:00-04:00,273.17498779296875,273.7349853515625,273.04998779296875,273.5404052734375,231470,0.0,0.0
2025-04-01 14:06:00-04:00,273.6072998046875,273.6203918457031,272.7300109863281,272.9549865722656,242190,0.0,0.0
2025-04-01 14:07:00-04:00,272.9549865722656,272.9549865722656,272.04998779296875,272.59100341796875,370734,0.0,0.0
2025-04-01 14:08:00-04:00,272.572509765625,273.0986022949219,272.29998779296875,272.9200134277344,238778,0.0,0.0
2025-04-01 14:09:00-04:00,272.8999938964844,273.04998779296875,272.1499938964844,272.239990234375,223471,0.0,0.0
2025-04-01 14:10:00-04:00,272.3399963378906,272.7998962402344,272.3153991699219,272.5199890136719,180968,0.0,0.0
2025-04-01 14:11:00-04:00,272.5299987792969,272.5899963378906,271.79998779296875,272.1499938964844,320522,0.0,0.0
2025-04-01 14:12:00-04:00,272.2099914550781,272.4800109863281,272.0400085449219,272.2699890136719,186694,0.0,0.0
2025-04-01 14:13:00-04:00,272.29998779296875,273.2900085449219,272.25,272.9014892578125,307624,0.0,0.0
2025-04-01 14:14:00-04:00,272.8999938964844,273.1300048828125,272.75,272.94000244140625,186579,0.0,0.0
2025-04-01 14:15:00-04:00,272.9049987792969,272.92999267578125,272.0237121582031,272.0799865722656,245697,0.0,0.0
2025-04-01 14:16:00-04:00,272.0,272.0050048828125,271.0199890136719,271.06500244140625,368323,0.0,0.0
2025-04-01 14:17:00-04:00,271.07000732421875,271.5400085449219,271.0403137207031,271.385009765625,209609,0.0,0.0
2025-04-01 14:18:00-04:00,271.4291076660156,271.4291076660156,270.8999938964844,270.90478515625,255873,0.0,0.0
2025-04-01 14:19:00-04:00,270.94000244140625,271.5799865722656,270.75,271.4007873535156,274391,0.0,0.0
2025-04-01 14:20:00-04:00,271.3999938964844,271.7699890136719,271.010986328125,271.1199951171875,185636,0.0,0.0
2025-04-01 14:21:00-04:00,271.1592102050781,271.260009765625,270.7799987792969,270.9200134277344,215717,0.0,0.0
2025-04-01 14:22:00-04:00,270.92498779296875,271.05999755859375,270.3500061035156,270.385009765625,310929,0.0,0.0
2025-04-01 14:23:00-04:00,270.3800048828125,270.7412109375,270.2218933105469,270.5201110839844,321590,0.0,0.0
2025-04-01 14:24:00-04:00,270.522705078125,270.6300048828125,269.239990234375,269.375,497081,0.0,0.0
2025-04-01 14:25:00-04:00,269.3741149902344,270.1000061035156,269.3258056640625,269.6441955566406,404945,0.0,0.0
2025-04-01 14:26:00-04:00,269.6700134277344,270.34991455078125,269.5,270.2850036621094,280981,0.0,0.0
2025-04-01 14:27:00-04:00,270.2611083984375,270.5799865722656,269.29998779296875,269.4700012207031,345402,0.0,0.0
2025-04-01 14:28:00-04:00,269.44000244140625,270.2900085449219,269.1700134277344,270.0799865722656,415210,0.0,0.0
2025-04-01 14:29:00-04:00,270.0480041503906,270.1600036621094,269.6099853515625,269.8500061035156,185668,0.0,0.0
2025-04-01 14:30:00-04:00,269.79998779296875,269.9700012207031,269.410400390625,269.7012939453125,191243,0.0,0.0
2025-04-01 14:31:00-04:00,269.8299865722656,270.2677917480469,269.760009765625,270.1499938964844,310685,0.0,0.0
2025-04-01 14:32:00-04:00,270.1199951171875,270.5799865722656,269.92010498046875,270.3959045410156,246985,0.0,0.0
2025-04-01 14:33:00-04:00,270.29998779296875,270.6802978515625,270.1199951171875,270.364990234375,247974,0.0,0.0
2025-04-01 14:34:00-04:00,270.364990234375,270.5799865722656,269.6199951171875,270.0150146484375,245395,0.0,0.0
2025-04-01 14:35:00-04:00,269.95001220703125,270.19000244140625,269.41009521484375,269.75,220207,0.0,0.0
2025-04-01 14:36:00-04:00,269.79998779296875,270.4800109863281,269.6499938964844,270.20001220703125,209450,0.0,0.0
2025-04-01 14:37:00-04:00,270.20001220703125,270.4800109863281,270.0505065917969,270.15411376953125,166353,0.0,0.0
2025-04-01 14:38:00-04:00,270.15008544921875,270.25,269.6000061035156,269.6499938964844,200115,0.0,0.0
2025-04-01 14:39:00-04:00,269.64898681640625,269.95989990234375,269.5,269.68499755859375,196897,0.0,0.0
2025-04-01 14:40:00-04:00,269.6199951171875,270.1000061035156,269.6199951171875,269.989990234375,183037,0.0,0.0
2025-04-01 14:41:00-04:00,270.03900146484375,270.0873107910156,269.2699890136719,269.9200134277344,323088,0.0,0.0
2025-04-01 14:42:00-04:00,269.8500061035156,270.0,269.05999755859375,269.1600036621094,223173,0.0,0.0
2025-04-01 14:43:00-04:00,269.1593933105469,269.5,268.760009765625,269.4495849609375,406957,0.0,0.0
2025-04-01 14:44:00-04:00,269.4700012207031,269.9399108886719,269.3205871582031,269.8500061035156,227192,0.0,0.0
2025-04-01 14:45:00-04:00,269.8900146484375,269.9800109863281,269.1300048828125,269.38079833984375,142038,0.0,0.0
2025-04-01 14:46:00-04:00,269.4599914550781,269.70001220703125,269.17010498046875,269.2694091796875,155876,0.0,0.0
2025-04-01 14:47:00-04:00,269.2250061035156,269.2300109863281,268.3999938964844,268.7117919921875,351546,0.0,0.0
2025-04-01 14:48:00-04:00,268.75,269.0,268.53009033203125,268.6527099609375,196872,0.0,0.0
2025-04-01 14:49:00-04:00,268.6499938964844,268.75,268.1499938964844,268.17999267578125,222587,0.0,0.0
2025-04-01 14:50:00-04:00,268.18450927734375,268.8900146484375,268.17999267578125,268.6000061035156,254042,0.0,0.0
2025-04-01 14:51:00-04:00,268.6524963378906,268.66900634765625,268.2300109863281,268.3700866699219,184859,0.0,0.0
2025-04-01 14:52:00-04:00,268.2799987792969,268.3500061035156,267.0899963378906,267.1700134277344,489601,0.0,0.0
2025-04-01 14:53:00-04:00,267.2099914550781,268.74859619140625,267.1700134277344,268.7008056640625,376703,0.0,0.0
2025-04-01 14:54:00-04:00,268.70001220703125,268.95001220703125,268.30999755859375,268.340087890625,301463,0.0,0.0
2025-04-01 14:55:00-04:00,268.3406066894531,269.6899108886719,268.29998779296875,269.3999938964844,422059,0.0,0.0
2025-04-01 14:56:00-04:00,269.4599914550781,269.7499084472656,269.1400146484375,269.69500732421875,317930,0.0,0.0
2025-04-01 14:57:00-04:00,269.67999267578125,269.92999267578125,269.0400085449219,269.1199951171875,231619,0.0,0.0
2025-04-01 14:58:00-04:00,269.1700134277344,269.6099853515625,268.8599853515625,268.9339904785156,220064,0.0,0.0
2025-04-01 14:59:00-04:00,268.989990234375,269.3399963378906,268.8429870605469,269.239990234375,184518,0.0,0.0
2025-04-01 15:00:00-04:00,269.2590026855469,269.55999755859375,268.80999755859375,269.1549987792969,246296,0.0,0.0
2025-04-01 15:01:00-04:00,269.0799865722656,269.4700012207031,268.9150085449219,269.30999755859375,164149,0.0,0.0
2025-04-01 15:02:00-04:00,269.2850036621094,269.6199951171875,268.79998779296875,269.17840576171875,214401,0.0,0.0
2025-04-01 15:03:00-04:00,269.17840576171875,269.58990478515625,268.95050048828125,268.9544982910156,155508,0.0,0.0
2025-04-01 15:04:00-04:00,268.9624938964844,269.4088134765625,268.94000244140625,269.25,170608,0.0,0.0
2025-04-01 15:05:00-04:00,269.214599609375,269.86199951171875,269.0242004394531,269.69500732421875,199938,0.0,0.0
2025-04-01 15:06:00-04:00,269.70001220703125,270.2200012207031,269.61248779296875,269.75,384226,0.0,0.0
2025-04-01 15:07:00-04:00,269.7300109863281,269.7699890136719,269.3100891113281,269.6211853027344,188103,0.0,0.0
2025-04-01 15:08:00-04:00,269.6199951171875,269.7225036621094,269.04998779296875,269.40069580078125,238269,0.0,0.0
2025-04-01 15:09:00-04:00,269.4100036621094,269.5271911621094,268.80999755859375,268.8891906738281,198322,0.0,0.0
2025-04-01 15:10:00-04:00,268.82000732421875,269.4772033691406,268.4599914550781,269.3999938964844,273788,0.0,0.0
2025-04-01 15:11:00-04:00,269.375,269.5,268.8699951171875,269.3599853515625,194439,0.0,0.0
2025-04-01 15:12:00-04:00,269.3599853515625,269.79998779296875,269.0611877441406,269.7698974609375,159143,0.0,0.0
2025-04-01 15:13:00-04:00,269.7698974609375,269.7698974609375,269.2699890136719,269.4100036621094,125231,0.0,0.0
2025-04-01 15:14:00-04:00,269.385009765625,269.468994140625,269.0,269.25,141700,0.0,0.0
2025-04-01 15:15:00-04:00,269.25,269.55999755859375,269.20001220703125,269.33538818359375,178624,0.0,0.0
2025-04-01 15:16:00-04:00,269.3900146484375,270.3999938964844,269.3599853515625,270.0249938964844,414692,0.0,0.0
2025-04-01 15:17:00-04:00,270.0450134277344,270.06988525390625,269.3999938964844,269.4700012207031,211799,0.0,0.0
2025-04-01 15:18:00-04:00,269.489990234375,269.54998779296875,269.0299987792969,269.2900085449219,190048,0.0,0.0
2025-04-01 15:19:00-04:00,269.2650146484375,269.5899963378906,269.0299987792969,269.57000732421875,166226,0.0,0.0
2025-04-01 15:20:00-04:00,269.57000732421875,269.92999267578125,269.2799987792969,269.7900085449219,185146,0.0,0.0
2025-04-01 15:21:00-04:00,269.82000732421875,269.8500061035156,269.4620056152344,269.57000732421875,141989,0.0,0.0
2025-04-01 15:22:00-04:00,269.6199951171875,270.04998779296875,269.239990234375,270.0400085449219,189978,0.0,0.0
2025-04-01 15:23:00-04:00,270.0245056152344,270.3800048828125,269.8999938964844,270.2799987792969,296926,0.0,0.0
2025-04-01 15:24:00-04:00,270.24591064453125,270.364990234375,270.07000732421875,270.24591064453125,227894,0.0,0.0
2025-04-01 15:25:00-04:00,270.19000244140625,270.79998779296875,270.1308898925781,270.7349853515625,346457,0.0,0.0
2025-04-01 15:26:00-04:00,270.7203063964844,270.9800109863281,270.4599914550781,270.6549987792969,339126,0.0,0.0
2025-04-01 15:27:00-04:00,270.6647033691406,271.0799865722656,270.3999938964844,270.44000244140625,293186,0.0,0.0
2025-04-01 15:28:00-04:00,270.3800048828125,270.6090087890625,269.9200134277344,269.9580078125,267908,0.0,0.0
2025-04-01 15:29:00-04:00,269.9649963378906,270.1000061035156,268.9100036621094,269.04998779296875,357462,0.0,0.0
2025-04-01 15:30:00-04:00,269.0799865722656,269.1802062988281,268.3599853515625,268.9306945800781,398698,0.0,0.0
2025-04-01 15:31:00-04:00,268.92999267578125,269.760009765625,268.82000732421875,269.6400146484375,290192,0.0,0.0
2025-04-01 15:32:00-04:00,269.760009765625,269.9100036621094,269.1300048828125,269.67498779296875,293372,0.0,0.0
2025-04-01 15:33:00-04:00,269.69000244140625,270.05999755859375,269.3100891113281,269.3399963378906,279870,0.0,0.0
2025-04-01 15:34:00-04:00,269.355712890625,269.6600036621094,268.6199951171875,268.92999267578125,372413,0.0,0.0
2025-04-01 15:35:00-04:00,268.92498779296875,269.760009765625,268.82000732421875,269.57000732421875,289892,0.0,0.0
2025-04-01 15:36:00-04:00,269.6400146484375,269.9421081542969,269.3599853515625,269.4599914550781,199470,0.0,0.0
2025-04-01 15:37:00-04:00,269.4599914550781,269.57940673828125,268.8699951171875,269.3841857910156,239726,0.0,0.0
2025-04-01 15:38:00-04:00,269.42999267578125,269.67999267578125,269.0199890136719,269.42950439453125,209170,0.0,0.0
2025-04-01 15:39:00-04:00,269.4870910644531,269.7499084472656,269.3999938964844,269.48040771484375,149740,0.0,0.0
2025-04-01 15:40:00-04:00,269.5,269.9599914550781,269.42999267578125,269.57501220703125,213894,0.0,0.0
2025-04-01 15:41:00-04:00,269.5400085449219,269.92999267578125,269.4700012207031,269.7200012207031,169700,0.0,0.0
2025-04-01 15:42:00-04:00,269.6957092285156,269.7200012207031,269.2099914550781,269.44000244140625,186074,0.0,0.0
2025-04-01 15:43:00-04:00,269.4200134277344,269.9599914550781,269.260009765625,269.93499755859375,207600,0.0,0.0
2025-04-01 15:44:00-04:00,269.95001220703125,270.1400146484375,269.6700134277344,269.9800109863281,296905,0.0,0.0
2025-04-01 15:45:00-04:00,269.94000244140625,270.8599853515625,269.75860595703125,270.82000732421875,424401,0.0,0.0
2025-04-01 15:46:00-04:00,270.1300048828125,270.8800048828125,270.1300048828125,270.1300048828125,388011,0.0,0.0
2025-04-01 15:47:00-04:00,270.1199951171875,270.760009765625,270.04998779296875,270.57000732421875,261861,0.0,0.0
2025-04-01 15:48:00-04:00,270.6400146484375,270.6650085449219,270.07501220703125,270.2279968261719,237683,0.0,0.0
2025-04-01 15:49:00-04:00,270.2349853515625,270.7699890136719,270.20001220703125,270.6650085449219,265503,0.0,0.0
2025-04-01 15:50:00-04:00,269.9800109863281,270.9800109863281,269.8138122558594,269.9800109863281,407657,0.0,0.0
2025-04-01 15:51:00-04:00,269.9750061035156,270.0986022949219,269.30999755859375,269.8999938964844,378784,0.0,0.0
2025-04-01 15:52:00-04:00,269.92999267578125,270.0799865722656,269.5600891113281,269.8887939453125,289602,0.0,0.0
2025-04-01 15:53:00-04:00,269.875,270.5,269.5,270.30999755859375,367853,0.0,0.0
2025-04-01 15:54:00-04:00,270.69000244140625,271.05999755859375,270.2200012207031,270.75,527596,0.0,0.0
2025-04-01 15:55:00-04:00,270.739990234375,270.8399963378906,268.7611999511719,269.2449951171875,781698,0.0,0.0
2025-04-01 15:56:00-04:00,269.2204895019531,269.6400146484375,268.989990234375,269.4049987792969,380326,0.0,0.0
2025-04-01 15:57:00-04:00,269.4222106933594,269.489990234375,268.6000061035156,268.63470458984375,464904,0.0,0.0
2025-04-01 15:58:00-04:00,268.6499938964844,268.8299865722656,268.3500061035156,268.5400085449219,526766,0.0,0.0
2025-04-01 15:59:00-04:00,268.510009765625,268.6400146484375,268.20001220703125,268.4800109863281,1008341,0.0,0.0
